Loan_ID,Gender,Married,Dependents,Education,Self_Employed,ApplicantIncome,CoapplicantIncome,LoanAmount,Loan_Amount_Term,Credit_History,Property_Area,Loan_Status,Income,LoanMonthly
LP001002,Male,No,0,Graduate,No,5849,0,144,360,1,Urban,Y,5849,12
LP001005,Male,Yes,0,Graduate,Yes,3000,0,66,360,1,Urban,Y,3000,5.5
LP001006,Male,Yes,0,Not Graduate,No,2583,2358,120,360,1,Urban,Y,4941,10
LP001008,Male,No,0,Graduate,No,6000,0,141,360,1,Urban,Y,6000,11.75
LP001011,Male,Yes,2,Graduate,Yes,5417,4196,267,360,1,Urban,Y,9613,22.25
LP001013,Male,Yes,0,Not Graduate,No,2333,1516,95,360,1,Urban,Y,3849,7.91666666666667
LP001018,Male,Yes,2,Graduate,No,4006,1526,168,360,1,Urban,Y,5532,14
LP001024,Male,Yes,2,Graduate,No,3200,700,70,360,1,Urban,Y,3900,5.83333333333333
LP001027,Male,Yes,2,Graduate,No,2500,1840,109,360,1,Urban,Y,4340,9.08333333333333
LP001028,Male,Yes,2,Graduate,No,3073,8106,200,360,1,Urban,Y,11179,16.6666666666667
LP001030,Male,Yes,2,Graduate,No,1299,1086,17,120,1,Urban,Y,2385,4.25
LP001032,Male,No,0,Graduate,No,4950,0,125,360,1,Urban,Y,4950,10.4166666666667
LP001034,Male,No,1,Not Graduate,No,3596,0,100,240,0,Urban,Y,3596,12.5
LP001041,Male,Yes,0,Graduate,No,2600,3500,115,341,1,Urban,Y,6100,10.1173020527859
LP001046,Male,Yes,1,Graduate,No,5955,5625,315,360,1,Urban,Y,11580,26.25
LP001066,Male,Yes,0,Graduate,Yes,9560,0,191,360,1,Semiurban,Y,9560,15.9166666666667
LP001068,Male,Yes,0,Graduate,No,2799,2253,122,360,1,Semiurban,Y,5052,10.1666666666667
LP001073,Male,Yes,2,Not Graduate,No,4226,1040,110,360,1,Urban,Y,5266,9.16666666666667
LP001087,Female,No,2,Graduate,No,3750,2083,120,360,1,Semiurban,Y,5833,10
LP001098,Male,Yes,0,Graduate,No,3500,1667,114,360,1,Semiurban,Y,5167,9.5
LP001106,Male,Yes,0,Graduate,No,2275,2067,144,360,1,Urban,Y,4342,12
LP001112,Female,Yes,0,Graduate,No,3667,1459,144,360,1,Semiurban,Y,5126,12
LP001114,Male,No,0,Graduate,No,4166,7210,184,360,1,Urban,Y,11376,15.3333333333333
LP001116,Male,No,0,Not Graduate,No,3748,1668,110,360,1,Semiurban,Y,5416,9.16666666666667
LP001120,Male,No,0,Graduate,No,1800,1213,47,360,1,Urban,Y,3013,3.91666666666667
LP001123,Male,Yes,0,Graduate,No,2400,0,75,360,0,Urban,Y,2400,6.25
LP001131,Male,Yes,0,Graduate,No,3941,2336,134,360,1,Semiurban,Y,6277,11.1666666666667
LP001136,Male,Yes,0,Not Graduate,Yes,4695,0,96,341,1,Urban,Y,4695,8.44574780058651
LP001137,Female,No,0,Graduate,No,3410,0,88,341,1,Urban,Y,3410,7.74193548387097
LP001138,Male,Yes,1,Graduate,No,5649,0,44,360,1,Urban,Y,5649,3.66666666666667
LP001144,Male,Yes,0,Graduate,No,5821,0,144,360,1,Urban,Y,5821,12
LP001151,Female,No,0,Graduate,No,4000,2275,144,360,1,Semiurban,Y,6275,12
LP001155,Female,Yes,0,Not Graduate,No,1928,1644,100,360,1,Semiurban,Y,3572,8.33333333333333
LP001157,Female,No,0,Graduate,No,3086,0,120,360,1,Semiurban,Y,3086,10
LP001194,Male,Yes,2,Graduate,No,2708,1167,97,360,1,Semiurban,Y,3875,8.08333333333333
LP001195,Male,Yes,0,Graduate,No,2132,1591,96,360,1,Semiurban,Y,3723,8
LP001198,Male,Yes,1,Graduate,No,8080,2250,180,360,1,Urban,Y,10330,15
LP001199,Male,Yes,2,Not Graduate,No,3357,2859,144,360,1,Urban,Y,6216,12
LP001205,Male,Yes,0,Graduate,No,2500,3796,120,360,1,Urban,Y,6296,10
LP001206,Male,Yes,3+,Graduate,No,3029,0,99,360,1,Urban,Y,3029,8.25
LP001233,Male,Yes,1,Graduate,No,10750,0,312,360,1,Urban,Y,10750,26
LP001238,Male,Yes,3+,Not Graduate,Yes,7100,0,125,60,1,Urban,Y,7100,62.5
LP001243,Male,Yes,0,Graduate,No,3208,3066,172,360,1,Urban,Y,6274,14.3333333333333
LP001245,Male,Yes,2,Not Graduate,Yes,1875,1875,97,360,1,Semiurban,Y,3750,8.08333333333333
LP001248,Male,No,0,Graduate,No,3500,0,81,300,1,Semiurban,Y,3500,8.1
LP001253,Male,Yes,3+,Graduate,Yes,5266,1774,187,360,1,Semiurban,Y,7040,15.5833333333333
LP001264,Male,Yes,3+,Not Graduate,Yes,3333,2166,130,360,0,Semiurban,Y,5499,10.8333333333333
LP001265,Female,No,0,Graduate,No,3846,0,111,360,1,Semiurban,Y,3846,9.25
LP001266,Male,Yes,1,Graduate,Yes,2395,0,144,360,1,Semiurban,Y,2395,12
LP001275,Male,Yes,1,Graduate,No,3988,0,50,240,1,Urban,Y,3988,6.25
LP001279,Male,No,0,Graduate,No,2366,2531,136,360,1,Semiurban,Y,4897,11.3333333333333
LP001280,Male,Yes,2,Not Graduate,No,3333,2000,99,360,0,Semiurban,Y,5333,8.25
LP001282,Male,Yes,0,Graduate,No,2500,2118,104,360,1,Semiurban,Y,4618,8.66666666666667
LP001289,Male,No,0,Graduate,No,8566,0,210,360,1,Urban,Y,8566,17.5
LP001310,Male,Yes,0,Graduate,No,5695,4167,175,360,1,Semiurban,Y,9862,14.5833333333333
LP001316,Male,Yes,0,Graduate,No,2958,2900,131,360,1,Semiurban,Y,5858,10.9166666666667
LP001318,Male,Yes,2,Graduate,No,6250,5654,188,180,1,Semiurban,Y,11904,31.3333333333333
LP001319,Male,Yes,2,Not Graduate,No,3273,1820,81,360,1,Urban,Y,5093,6.75
LP001322,Male,No,0,Graduate,No,4133,0,122,360,1,Semiurban,Y,4133,10.1666666666667
LP001325,Male,No,0,Not Graduate,No,3620,0,25,120,1,Semiurban,Y,3620,6.25
LP001327,Female,Yes,0,Graduate,No,2484,2302,137,360,1,Semiurban,Y,4786,11.4166666666667
LP001333,Male,Yes,0,Graduate,No,1977,997,50,360,1,Semiurban,Y,2974,4.16666666666667
LP001334,Male,Yes,0,Not Graduate,No,4188,0,115,180,1,Semiurban,Y,4188,19.1666666666667
LP001343,Male,Yes,0,Graduate,No,1759,3541,131,360,1,Semiurban,Y,5300,10.9166666666667
LP001345,Male,Yes,2,Not Graduate,No,4288,3263,133,180,1,Urban,Y,7551,22.1666666666667
LP001349,Male,No,0,Graduate,No,4843,3806,151,360,1,Semiurban,Y,8649,12.5833333333333
LP001350,Male,Yes,0,Graduate,No,13650,0,144,360,1,Urban,Y,13650,12
LP001356,Male,Yes,0,Graduate,No,4652,3583,144,360,1,Semiurban,Y,8235,12
LP001357,Male,Yes,0,Graduate,No,3816,754,160,360,1,Urban,Y,4570,13.3333333333333
LP001367,Male,Yes,1,Graduate,No,3052,1030,100,360,1,Urban,Y,4082,8.33333333333333
LP001369,Male,Yes,2,Graduate,No,11417,1126,225,360,1,Urban,Y,12543,18.75
LP001384,Male,Yes,3+,Not Graduate,No,2071,754,94,480,1,Semiurban,Y,2825,5.875
LP001385,Male,No,0,Graduate,No,5316,0,136,360,1,Urban,Y,5316,11.3333333333333
LP001387,Female,Yes,0,Graduate,No,2929,2333,139,360,1,Semiurban,Y,5262,11.5833333333333
LP001392,Female,No,1,Graduate,Yes,7451,0,144,360,1,Semiurban,Y,7451,12
LP001398,Male,No,0,Graduate,No,5050,0,118,360,1,Semiurban,Y,5050,9.83333333333333
LP001401,Male,Yes,1,Graduate,No,14583,0,185,180,1,Rural,Y,14583,30.8333333333333
LP001404,Female,Yes,0,Graduate,No,3167,2283,154,360,1,Semiurban,Y,5450,12.8333333333333
LP001405,Male,Yes,1,Graduate,No,2214,1398,85,360,0,Urban,Y,3612,7.08333333333333
LP001422,Female,No,0,Graduate,No,10408,0,259,360,1,Urban,Y,10408,21.5833333333333
LP001426,Male,Yes,0,Graduate,No,5667,2667,180,360,1,Rural,Y,8334,15
LP001430,Female,No,0,Graduate,No,4166,0,44,360,1,Semiurban,Y,4166,3.66666666666667
LP001431,Female,No,0,Graduate,No,2137,8980,137,360,0,Semiurban,Y,11117,11.4166666666667
LP001432,Male,Yes,2,Graduate,No,2957,0,81,360,1,Semiurban,Y,2957,6.75
LP001439,Male,Yes,0,Not Graduate,No,4300,2014,194,360,1,Rural,Y,6314,16.1666666666667
LP001443,Female,No,0,Graduate,No,3692,0,93,360,0,Rural,Y,3692,7.75
LP001448,Male,Yes,3+,Graduate,No,23803,0,370,360,1,Rural,Y,23803,30.8333333333333
LP001449,Male,No,0,Graduate,No,3865,1640,144,360,1,Rural,Y,5505,12
LP001469,Male,No,0,Graduate,Yes,20166,0,650,480,0,Urban,Y,20166,40.625
LP001473,Male,No,0,Graduate,No,2014,1929,74,360,1,Urban,Y,3943,6.16666666666667
LP001478,Male,No,0,Graduate,No,2718,0,70,360,1,Semiurban,Y,2718,5.83333333333333
LP001482,Male,Yes,0,Graduate,Yes,3459,0,25,120,1,Semiurban,Y,3459,6.25
LP001487,Male,No,0,Graduate,No,4895,0,102,360,1,Semiurban,Y,4895,8.5
LP001491,Male,Yes,2,Graduate,Yes,3316,3500,88,360,1,Urban,Y,6816,7.33333333333333
LP001498,Male,No,0,Graduate,No,5417,0,168,360,1,Urban,Y,5417,14
LP001504,Male,No,0,Graduate,Yes,6950,0,175,180,1,Semiurban,Y,6950,29.1666666666667
LP001507,Male,Yes,0,Graduate,No,2698,2034,122,360,1,Semiurban,Y,4732,10.1666666666667
LP001508,Male,Yes,2,Graduate,No,11757,0,187,180,1,Urban,Y,11757,31.1666666666667
LP001514,Female,Yes,0,Graduate,No,2330,4486,100,360,1,Semiurban,Y,6816,8.33333333333333
LP001516,Female,Yes,2,Graduate,No,14866,0,70,360,1,Urban,Y,14866,5.83333333333333
LP001518,Male,Yes,1,Graduate,No,1538,1425,30,360,1,Urban,Y,2963,2.5
LP001520,Male,Yes,0,Graduate,No,4860,830,125,360,1,Semiurban,Y,5690,10.4166666666667
LP001529,Male,Yes,0,Graduate,Yes,2577,3750,152,360,1,Rural,Y,6327,12.6666666666667
LP001535,Male,No,0,Graduate,No,3254,0,50,360,1,Urban,Y,3254,4.16666666666667
LP001536,Male,Yes,3+,Graduate,No,39999,0,600,180,0,Semiurban,Y,39999,100
LP001541,Male,Yes,1,Graduate,No,6000,0,160,360,0,Rural,Y,6000,13.3333333333333
LP001543,Male,Yes,1,Graduate,No,9538,0,187,360,1,Urban,Y,9538,15.5833333333333
LP001546,Male,No,0,Graduate,No,2980,2083,120,360,1,Rural,Y,5063,10
LP001552,Male,Yes,0,Graduate,No,4583,5625,255,360,1,Semiurban,Y,10208,21.25
LP001560,Male,Yes,0,Not Graduate,No,1863,1041,98,360,1,Semiurban,Y,2904,8.16666666666667
LP001570,Male,Yes,2,Graduate,No,4167,1447,158,360,1,Rural,Y,5614,13.1666666666667
LP001572,Male,Yes,0,Graduate,No,9323,0,75,180,1,Urban,Y,9323,12.5
LP001574,Male,Yes,0,Graduate,No,3707,3166,182,341,1,Rural,Y,6873,16.0117302052786
LP001578,Male,Yes,0,Graduate,No,2439,3333,129,360,1,Rural,Y,5772,10.75
LP001580,Male,Yes,2,Graduate,No,8000,0,200,360,1,Semiurban,Y,8000,16.6666666666667
LP001581,Male,Yes,0,Not Graduate,No,1820,1769,95,360,1,Rural,Y,3589,7.91666666666667
LP001585,Male,Yes,3+,Graduate,No,51763,0,700,300,1,Urban,Y,51763,70
LP001594,Male,Yes,0,Graduate,No,5708,5625,187,360,1,Semiurban,Y,11333,15.5833333333333
LP001606,Male,Yes,0,Graduate,No,3497,1964,116,360,1,Rural,Y,5461,9.66666666666667
LP001608,Male,Yes,2,Graduate,No,2045,1619,101,360,1,Rural,Y,3664,8.41666666666667
LP001616,Male,Yes,1,Graduate,No,3750,0,116,360,1,Semiurban,Y,3750,9.66666666666667
LP001636,Male,Yes,0,Graduate,No,4600,0,73,180,1,Semiurban,Y,4600,12.1666666666667
LP001639,Female,Yes,0,Graduate,No,3625,0,108,360,1,Semiurban,Y,3625,9
LP001640,Male,Yes,0,Graduate,Yes,39147,4750,120,360,1,Semiurban,Y,43897,10
LP001643,Male,Yes,0,Graduate,No,2383,2138,58,360,0,Rural,Y,4521,4.83333333333333
LP001644,Male,Yes,0,Graduate,Yes,674,5296,168,360,1,Rural,Y,5970,14
LP001647,Male,Yes,0,Graduate,No,9328,0,188,180,1,Rural,Y,9328,31.3333333333333
LP001653,Male,No,0,Not Graduate,No,4885,0,48,360,1,Rural,Y,4885,4
LP001658,Male,No,0,Graduate,No,3858,0,76,360,1,Semiurban,Y,3858,6.33333333333333
LP001664,Male,No,0,Graduate,No,4191,0,120,360,1,Rural,Y,4191,10
LP001666,Male,No,0,Graduate,No,8333,3750,187,360,1,Rural,Y,12083,15.5833333333333
LP001669,Female,No,0,Not Graduate,No,1907,2365,120,341,1,Urban,Y,4272,10.5571847507331
LP001671,Female,Yes,0,Graduate,No,3416,2816,113,360,0,Semiurban,Y,6232,9.41666666666667
LP001674,Male,Yes,1,Not Graduate,No,2600,2500,90,360,1,Semiurban,Y,5100,7.5
LP001677,Male,No,2,Graduate,No,4923,0,166,360,0,Semiurban,Y,4923,13.8333333333333
LP001688,Male,Yes,1,Not Graduate,No,3500,1083,135,360,1,Urban,Y,4583,11.25
LP001691,Male,Yes,2,Not Graduate,No,3917,0,124,360,1,Semiurban,Y,3917,10.3333333333333
LP001692,Female,No,0,Not Graduate,No,4408,0,120,360,1,Semiurban,Y,4408,10
LP001693,Female,No,0,Graduate,No,3244,0,80,360,1,Urban,Y,3244,6.66666666666667
LP001698,Male,No,0,Not Graduate,No,3975,2531,55,360,1,Rural,Y,6506,4.58333333333333
LP001699,Male,No,0,Graduate,No,2479,0,59,360,1,Urban,Y,2479,4.91666666666667
LP001713,Male,Yes,1,Graduate,Yes,7787,0,240,360,1,Urban,Y,7787,20
LP001715,Male,Yes,3+,Not Graduate,Yes,5703,0,130,360,1,Rural,Y,5703,10.8333333333333
LP001716,Male,Yes,0,Graduate,No,3173,3021,137,360,1,Urban,Y,6194,11.4166666666667
LP001720,Male,Yes,3+,Not Graduate,No,3850,983,100,360,1,Semiurban,Y,4833,8.33333333333333
LP001726,Male,Yes,0,Graduate,No,3727,1775,131,360,1,Semiurban,Y,5502,10.9166666666667
LP001734,Female,Yes,2,Graduate,No,4283,2383,127,360,0,Semiurban,Y,6666,10.5833333333333
LP001743,Male,Yes,2,Graduate,No,4009,1717,116,360,1,Semiurban,Y,5726,9.66666666666667
LP001744,Male,No,0,Graduate,No,2971,2791,144,360,1,Semiurban,Y,5762,12
LP001749,Male,Yes,0,Graduate,No,7578,1010,175,341,1,Semiurban,Y,8588,15.3958944281525
LP001750,Male,Yes,0,Graduate,No,6250,0,128,360,1,Semiurban,Y,6250,10.6666666666667
LP001758,Male,Yes,2,Graduate,No,6250,1695,210,360,1,Semiurban,Y,7945,17.5
LP001760,Male,No,0,Graduate,No,4758,0,158,480,1,Semiurban,Y,4758,9.875
LP001761,Male,No,0,Graduate,Yes,6400,0,200,360,1,Rural,Y,6400,16.6666666666667
LP001765,Male,Yes,1,Graduate,No,2491,2054,104,360,1,Semiurban,Y,4545,8.66666666666667
LP001768,Male,Yes,0,Graduate,No,3716,0,42,180,1,Rural,Y,3716,7
LP001770,Male,No,0,Not Graduate,No,3189,2598,120,341,1,Rural,Y,5787,10.5571847507331
LP001776,Female,No,0,Graduate,No,8333,0,280,360,1,Semiurban,Y,8333,23.3333333333333
LP001778,Male,Yes,1,Graduate,No,3155,1779,140,360,1,Semiurban,Y,4934,11.6666666666667
LP001784,Male,Yes,1,Graduate,No,5500,1260,170,360,1,Rural,Y,6760,14.1666666666667
LP001788,Female,No,0,Graduate,Yes,3463,0,122,360,0,Urban,Y,3463,10.1666666666667
LP001790,Female,No,1,Graduate,No,3812,0,112,360,1,Rural,Y,3812,9.33333333333333
LP001792,Male,Yes,1,Graduate,No,3315,0,96,360,1,Semiurban,Y,3315,8
LP001798,Male,Yes,2,Graduate,No,5819,5000,120,360,1,Rural,Y,10819,10
LP001806,Male,No,0,Graduate,No,2965,5701,155,60,1,Urban,Y,8666,77.5
LP001807,Male,Yes,2,Graduate,Yes,6250,1300,108,360,1,Rural,Y,7550,9
LP001811,Male,Yes,0,Not Graduate,No,3406,4417,123,360,1,Semiurban,Y,7823,10.25
LP001814,Male,Yes,2,Graduate,No,9703,0,112,360,1,Urban,Y,9703,9.33333333333333
LP001819,Male,Yes,1,Not Graduate,No,6608,0,137,180,1,Urban,Y,6608,22.8333333333333
LP001824,Male,Yes,1,Graduate,No,2882,1843,123,480,1,Semiurban,Y,4725,7.6875
LP001825,Male,Yes,0,Graduate,No,1809,1868,90,360,1,Urban,Y,3677,7.5
LP001841,Male,No,0,Not Graduate,Yes,2583,2167,104,360,1,Rural,Y,4750,8.66666666666667
LP001843,Male,Yes,1,Not Graduate,No,2661,7101,279,180,1,Semiurban,Y,9762,46.5
LP001846,Female,No,3+,Graduate,No,3083,0,255,360,1,Rural,Y,3083,21.25
LP001865,Male,Yes,1,Graduate,No,6083,4250,330,360,0,Urban,Y,10333,27.5
LP001868,Male,No,0,Graduate,No,2060,2209,134,360,1,Semiurban,Y,4269,11.1666666666667
LP001871,Female,No,0,Graduate,No,7200,0,120,360,1,Rural,Y,7200,10
LP001872,Male,No,0,Graduate,Yes,5166,0,128,360,1,Semiurban,Y,5166,10.6666666666667
LP001875,Male,No,0,Graduate,No,4095,3447,151,360,1,Rural,Y,7542,12.5833333333333
LP001877,Male,Yes,2,Graduate,No,4708,1387,150,360,1,Semiurban,Y,6095,12.5
LP001882,Male,Yes,3+,Graduate,No,4333,1811,160,360,0,Urban,Y,6144,13.3333333333333
LP001884,Female,No,1,Graduate,No,2876,1560,90,360,1,Urban,Y,4436,7.5
LP001888,Female,No,0,Graduate,No,3237,0,30,360,1,Urban,Y,3237,2.5
LP001891,Male,Yes,0,Graduate,No,11146,0,136,360,1,Urban,Y,11146,11.3333333333333
LP001892,Male,No,0,Graduate,No,2833,1857,126,360,1,Rural,Y,4690,10.5
LP001894,Male,Yes,0,Graduate,No,2620,2223,150,360,1,Semiurban,Y,4843,12.5
LP001896,Male,Yes,2,Graduate,No,3900,0,90,360,1,Semiurban,Y,3900,7.5
LP001900,Male,Yes,1,Graduate,No,2750,1842,115,360,1,Semiurban,Y,4592,9.58333333333333
LP001903,Male,Yes,0,Graduate,No,3993,3274,207,360,1,Semiurban,Y,7267,17.25
LP001904,Male,Yes,0,Graduate,No,3103,1300,80,360,1,Urban,Y,4403,6.66666666666667
LP001907,Male,Yes,0,Graduate,No,14583,0,436,360,1,Semiurban,Y,14583,36.3333333333333
LP001908,Female,Yes,0,Not Graduate,No,4100,0,124,360,0,Rural,Y,4100,10.3333333333333
LP001914,Male,Yes,0,Graduate,No,3927,800,112,360,1,Semiurban,Y,4727,9.33333333333333
LP001915,Male,Yes,2,Graduate,No,2301,985.7999878,78,180,1,Urban,Y,3286,13
LP001917,Female,No,0,Graduate,No,1811,1666,54,360,1,Urban,Y,3477,4.5
LP001924,Male,No,0,Graduate,No,3158,3053,89,360,1,Rural,Y,6211,7.41666666666667
LP001926,Male,Yes,0,Graduate,No,3704,2000,120,360,1,Rural,Y,5704,10
LP001931,Female,No,0,Graduate,No,4124,0,115,360,1,Semiurban,Y,4124,9.58333333333333
LP001935,Male,No,0,Graduate,No,9508,0,187,360,1,Rural,Y,9508,15.5833333333333
LP001936,Male,Yes,0,Graduate,No,3075,2416,139,360,1,Rural,Y,5491,11.5833333333333
LP001940,Male,Yes,2,Graduate,No,3153,1560,134,360,1,Urban,Y,4713,11.1666666666667
LP001947,Male,Yes,0,Graduate,No,2383,3334,172,360,1,Semiurban,Y,5717,14.3333333333333
LP001949,Male,Yes,3+,Graduate,No,4416,1250,110,360,1,Urban,Y,5666,9.16666666666667
LP001953,Male,Yes,1,Graduate,No,6875,0,200,360,1,Semiurban,Y,6875,16.6666666666667
LP001954,Female,Yes,1,Graduate,No,4666,0,135,360,1,Urban,Y,4666,11.25
LP001972,Male,Yes,0,Not Graduate,No,2875,1750,105,360,1,Semiurban,Y,4625,8.75
LP001974,Female,No,0,Graduate,No,5000,0,132,360,1,Rural,Y,5000,11
LP001977,Male,Yes,1,Graduate,No,1625,1803,96,360,1,Urban,Y,3428,8
LP001978,Male,No,0,Graduate,No,4000,2500,140,360,1,Rural,Y,6500,11.6666666666667
LP001993,Female,No,0,Graduate,No,3762,1666,135,360,1,Rural,Y,5428,11.25
LP001998,Male,Yes,2,Not Graduate,No,7667,0,185,360,0,Rural,Y,7667,15.4166666666667
LP002002,Female,No,0,Graduate,No,2917,0,84,360,1,Semiurban,Y,2917,7
LP002004,Male,No,0,Not Graduate,No,2927,2405,111,360,1,Semiurban,Y,5332,9.25
LP002006,Female,No,0,Graduate,No,2507,0,56,360,1,Rural,Y,2507,4.66666666666667
LP002008,Male,Yes,2,Graduate,Yes,5746,0,144,84,0,Rural,Y,5746,51.4285714285714
LP002031,Male,Yes,1,Not Graduate,No,3399,1640,111,180,1,Urban,Y,5039,18.5
LP002035,Male,Yes,2,Graduate,No,3717,0,120,360,1,Semiurban,Y,3717,10
LP002036,Male,Yes,0,Graduate,No,2058,2134,88,360,0,Urban,Y,4192,7.33333333333333
LP002043,Female,No,1,Graduate,No,3541,0,112,360,0,Semiurban,Y,3541,9.33333333333333
LP002051,Male,Yes,0,Graduate,No,2400,2167,115,360,1,Semiurban,Y,4567,9.58333333333333
LP002053,Male,Yes,3+,Graduate,No,4342,189,124,360,1,Semiurban,Y,4531,10.3333333333333
LP002054,Male,Yes,2,Not Graduate,No,3601,1590,144,360,1,Rural,Y,5191,12
LP002055,Female,No,0,Graduate,No,3166,2985,132,360,0,Rural,Y,6151,11
LP002065,Male,Yes,3+,Graduate,No,15000,0,300,360,1,Rural,Y,15000,25
LP002068,Male,No,0,Graduate,No,4917,0,130,360,0,Rural,Y,4917,10.8333333333333
LP002082,Male,Yes,0,Graduate,Yes,5818,2160,184,360,1,Semiurban,Y,7978,15.3333333333333
LP002087,Female,No,0,Graduate,No,2500,0,67,360,1,Urban,Y,2500,5.58333333333333
LP002097,Male,No,1,Graduate,No,4384,1793,117,360,1,Urban,Y,6177,9.75
LP002098,Male,No,0,Graduate,No,2935,0,98,360,1,Semiurban,Y,2935,8.16666666666667
LP002100,Male,No,0,Graduate,No,2833,0,71,360,1,Urban,Y,2833,5.91666666666667
LP002101,Male,Yes,0,Graduate,No,63337,0,490,180,1,Urban,Y,63337,81.6666666666667
LP002103,Male,Yes,1,Graduate,Yes,9833,1833,182,180,1,Urban,Y,11666,30.3333333333333
LP002106,Male,Yes,0,Graduate,Yes,5503,4490,70,341,1,Semiurban,Y,9993,6.158357771261
LP002110,Male,Yes,1,Graduate,No,5250,688,160,360,1,Rural,Y,5938,13.3333333333333
LP002112,Male,Yes,2,Graduate,Yes,2500,4600,176,360,1,Rural,Y,7100,14.6666666666667
LP002114,Female,No,0,Graduate,No,4160,0,71,360,1,Semiurban,Y,4160,5.91666666666667
LP002119,Male,Yes,1,Not Graduate,No,4554,1229,158,360,1,Urban,Y,5783,13.1666666666667
LP002126,Male,Yes,3+,Not Graduate,No,3173,0,74,360,1,Semiurban,Y,3173,6.16666666666667
LP002128,Male,Yes,2,Graduate,No,2583,2330,125,360,1,Rural,Y,4913,10.4166666666667
LP002129,Male,Yes,0,Graduate,No,2499,2458,160,360,1,Semiurban,Y,4957,13.3333333333333
LP002131,Male,Yes,2,Not Graduate,No,3083,2168,126,360,1,Urban,Y,5251,10.5
LP002137,Male,Yes,0,Graduate,No,6333,4583,259,360,0,Semiurban,Y,10916,21.5833333333333
LP002138,Male,Yes,0,Graduate,No,2625,6250,187,360,1,Rural,Y,8875,15.5833333333333
LP002139,Male,Yes,0,Graduate,No,9083,0,228,360,1,Semiurban,Y,9083,19
LP002141,Male,Yes,3+,Graduate,No,2666,2083,95,360,1,Rural,Y,4749,7.91666666666667
LP002143,Female,Yes,0,Graduate,No,2423,505,130,360,1,Semiurban,Y,2928,10.8333333333333
LP002144,Female,No,0,Graduate,No,3813,0,116,180,1,Urban,Y,3813,19.3333333333333
LP002149,Male,Yes,2,Graduate,No,8333,3167,165,360,1,Rural,Y,11500,13.75
LP002160,Male,Yes,3+,Graduate,No,5167,3167,200,360,1,Semiurban,Y,8334,16.6666666666667
LP002170,Male,Yes,2,Graduate,No,5000,3667,236,360,1,Semiurban,Y,8667,19.6666666666667
LP002175,Male,Yes,0,Graduate,No,4750,2333,130,360,1,Urban,Y,7083,10.8333333333333
LP002178,Male,Yes,0,Graduate,No,3013,3033,95,300,0,Urban,Y,6046,9.5
LP002180,Male,No,0,Graduate,Yes,6822,0,141,360,1,Rural,Y,6822,11.75
LP002190,Male,Yes,1,Graduate,No,6325,0,175,360,1,Semiurban,Y,6325,14.5833333333333
LP002194,Female,No,0,Graduate,Yes,15759,0,55,360,1,Semiurban,Y,15759,4.58333333333333
LP002197,Male,Yes,2,Graduate,No,5185,0,155,360,1,Semiurban,Y,5185,12.9166666666667
LP002201,Male,Yes,2,Graduate,Yes,9323,7873,380,300,1,Rural,Y,17196,38
LP002209,Female,No,0,Graduate,No,2764,1459,110,360,1,Urban,Y,4223,9.16666666666667
LP002211,Male,Yes,0,Graduate,No,4817,923,120,180,1,Urban,Y,5740,20
LP002219,Male,Yes,3+,Graduate,No,8750,4996,130,360,1,Rural,Y,13746,10.8333333333333
LP002223,Male,Yes,0,Graduate,No,4310,0,130,360,0,Semiurban,Y,4310,10.8333333333333
LP002225,Male,Yes,2,Graduate,No,5391,0,130,360,1,Urban,Y,5391,10.8333333333333
LP002226,Male,Yes,0,Graduate,No,3333,2500,128,360,1,Semiurban,Y,5833,10.6666666666667
LP002229,Male,No,0,Graduate,No,5941,4232,296,360,1,Semiurban,Y,10173,24.6666666666667
LP002231,Female,No,0,Graduate,No,6000,0,156,360,1,Urban,Y,6000,13
LP002234,Male,No,0,Graduate,Yes,7167,0,128,360,1,Urban,Y,7167,10.6666666666667
LP002237,Male,No,1,Graduate,No,3667,0,113,180,1,Urban,Y,3667,18.8333333333333
LP002239,Male,No,0,Not Graduate,No,2346,1600,132,360,1,Semiurban,Y,3946,11
LP002244,Male,Yes,0,Graduate,No,2333,2417,136,360,1,Urban,Y,4750,11.3333333333333
LP002250,Male,Yes,0,Graduate,No,5488,0,125,360,1,Rural,Y,5488,10.4166666666667
LP002255,Male,No,3+,Graduate,No,9167,0,185,360,1,Rural,Y,9167,15.4166666666667
LP002262,Male,Yes,3+,Graduate,No,9504,0,275,360,1,Rural,Y,9504,22.9166666666667
LP002263,Male,Yes,0,Graduate,No,2583,2115,120,360,0,Urban,Y,4698,10
LP002265,Male,Yes,2,Not Graduate,No,1993,1625,113,180,1,Semiurban,Y,3618,18.8333333333333
LP002266,Male,Yes,2,Graduate,No,3100,1400,113,360,1,Urban,Y,4500,9.41666666666667
LP002272,Male,Yes,2,Graduate,No,3276,484,135,360,0,Semiurban,Y,3760,11.25
LP002281,Male,Yes,0,Graduate,No,3033,1459,95,360,1,Urban,Y,4492,7.91666666666667
LP002284,Male,No,0,Not Graduate,No,3902,1666,109,360,1,Rural,Y,5568,9.08333333333333
LP002297,Male,No,0,Graduate,No,2500,20000,103,360,1,Semiurban,Y,22500,8.58333333333333
LP002300,Female,No,0,Not Graduate,No,1963,0,53,360,1,Semiurban,Y,1963,4.41666666666667
LP002305,Female,No,0,Graduate,No,4547,0,115,360,1,Semiurban,Y,4547,9.58333333333333
LP002308,Male,Yes,0,Not Graduate,No,2167,2400,115,360,1,Urban,Y,4567,9.58333333333333
LP002314,Female,No,0,Not Graduate,No,2213,0,66,360,1,Rural,Y,2213,5.5
LP002319,Male,Yes,0,Graduate,No,6256,0,160,360,0,Urban,Y,6256,13.3333333333333
LP002332,Male,Yes,0,Not Graduate,No,2253,2033,110,360,1,Rural,Y,4286,9.16666666666667
LP002337,Female,No,0,Graduate,No,2995,0,60,360,1,Urban,Y,2995,5
LP002345,Male,Yes,0,Graduate,No,1025,2773,112,360,1,Rural,Y,3798,9.33333333333333
LP002347,Male,Yes,0,Graduate,No,3246,1417,138,360,1,Semiurban,Y,4663,11.5
LP002348,Male,Yes,0,Graduate,No,5829,0,138,360,1,Rural,Y,5829,11.5
LP002361,Male,Yes,0,Graduate,No,1820,1719,100,360,1,Urban,Y,3539,8.33333333333333
LP002364,Male,Yes,0,Graduate,No,14880,0,96,360,1,Semiurban,Y,14880,8
LP002366,Male,Yes,0,Graduate,No,2666,4300,121,360,1,Rural,Y,6966,10.0833333333333
LP002368,Male,Yes,2,Graduate,No,5935,0,133,360,1,Semiurban,Y,5935,11.0833333333333
LP002369,Male,Yes,0,Graduate,No,2920,16.12000084,87,360,1,Rural,Y,2936,7.25
LP002370,Male,No,0,Not Graduate,No,2717,0,60,180,1,Urban,Y,2717,10
LP002377,Female,No,1,Graduate,Yes,8624,0,150,360,1,Semiurban,Y,8624,12.5
LP002386,Male,No,0,Graduate,No,12876,0,405,360,1,Semiurban,Y,12876,33.75
LP002387,Male,Yes,0,Graduate,No,2425,2340,143,360,1,Semiurban,Y,4765,11.9166666666667
LP002390,Male,No,0,Graduate,No,3750,0,100,360,1,Urban,Y,3750,8.33333333333333
LP002393,Female,No,0,Graduate,No,10047,0,144,240,1,Semiurban,Y,10047,18
LP002398,Male,No,0,Graduate,No,1926,1851,50,360,1,Semiurban,Y,3777,4.16666666666667
LP002401,Male,Yes,0,Graduate,No,2213,1125,144,360,1,Urban,Y,3338,12
LP002407,Female,Yes,0,Not Graduate,Yes,7142,0,138,360,1,Rural,Y,7142,11.5
LP002408,Male,No,0,Graduate,No,3660,5064,187,360,1,Semiurban,Y,8724,15.5833333333333
LP002409,Male,Yes,0,Graduate,No,7901,1833,180,360,1,Rural,Y,9734,15
LP002418,Male,No,3+,Not Graduate,No,4707,1993,148,360,1,Semiurban,Y,6700,12.3333333333333
LP002422,Male,No,1,Graduate,No,37719,0,152,360,1,Semiurban,Y,37719,12.6666666666667
LP002424,Male,Yes,0,Graduate,No,7333,8333,175,300,0,Rural,Y,15666,17.5
LP002429,Male,Yes,1,Graduate,Yes,3466,1210,130,360,1,Rural,Y,4676,10.8333333333333
LP002434,Male,Yes,2,Not Graduate,No,4652,0,110,360,1,Rural,Y,4652,9.16666666666667
LP002447,Male,Yes,2,Not Graduate,No,1958,1456,60,300,0,Urban,Y,3414,6
LP002449,Male,Yes,0,Graduate,No,2483,2466,90,180,0,Rural,Y,4949,15
LP002453,Male,No,0,Graduate,Yes,7085,0,84,360,1,Semiurban,Y,7085,7
LP002455,Male,Yes,2,Graduate,No,3859,0,96,360,1,Semiurban,Y,3859,8
LP002459,Male,Yes,0,Graduate,No,4301,0,118,360,1,Urban,Y,4301,9.83333333333333
LP002472,Male,No,2,Graduate,No,4354,0,136,360,1,Rural,Y,4354,11.3333333333333
LP002478,Male,Yes,0,Graduate,Yes,2083,4083,160,360,0,Semiurban,Y,6166,13.3333333333333
LP002484,Male,Yes,3+,Graduate,No,7740,0,128,180,1,Urban,Y,7740,21.3333333333333
LP002487,Male,Yes,0,Graduate,No,3015,2188,153,360,1,Rural,Y,5203,12.75
LP002489,Female,No,1,Not Graduate,No,5191,0,132,360,1,Semiurban,Y,5191,11
LP002494,Male,No,0,Graduate,No,6000,0,140,360,1,Rural,Y,6000,11.6666666666667
LP002501,Male,Yes,0,Graduate,No,16692,0,110,360,1,Semiurban,Y,16692,9.16666666666667
LP002502,Female,Yes,2,Not Graduate,No,210,2917,98,360,1,Semiurban,Y,3127,8.16666666666667
LP002515,Male,Yes,1,Graduate,Yes,3450,2079,162,360,1,Semiurban,Y,5529,13.5
LP002519,Male,Yes,3+,Graduate,No,4691,0,100,360,1,Semiurban,Y,4691,8.33333333333333
LP002522,Female,No,0,Graduate,Yes,2500,0,93,360,0,Urban,Y,2500,7.75
LP002524,Male,No,2,Graduate,No,5532,4648,162,360,1,Rural,Y,10180,13.5
LP002527,Male,Yes,2,Graduate,Yes,16525,1014,150,360,1,Rural,Y,17539,12.5
LP002529,Male,Yes,2,Graduate,No,6700,1750,230,300,1,Semiurban,Y,8450,23
LP002531,Male,Yes,1,Graduate,Yes,16667,2250,86,360,1,Semiurban,Y,18917,7.16666666666667
LP002534,Female,No,0,Not Graduate,No,4350,0,154,360,1,Rural,Y,4350,12.8333333333333
LP002536,Male,Yes,3+,Not Graduate,No,3095,0,113,360,1,Rural,Y,3095,9.41666666666667
LP002537,Male,Yes,0,Graduate,No,2083,3150,128,360,1,Semiurban,Y,5233,10.6666666666667
LP002541,Male,Yes,0,Graduate,No,10833,0,234,360,1,Semiurban,Y,10833,19.5
LP002543,Male,Yes,2,Graduate,No,8333,0,246,360,1,Semiurban,Y,8333,20.5
LP002544,Male,Yes,1,Not Graduate,No,1958,2436,131,360,1,Rural,Y,4394,10.9166666666667
LP002555,Male,Yes,2,Graduate,Yes,4583,2083,160,360,1,Semiurban,Y,6666,13.3333333333333
LP002560,Male,No,0,Not Graduate,No,2699,2785,96,360,0,Semiurban,Y,5484,8
LP002562,Male,Yes,1,Not Graduate,No,5333,1131,186,360,0,Urban,Y,6464,15.5
LP002571,Male,No,0,Not Graduate,No,3691,0,110,360,1,Rural,Y,3691,9.16666666666667
LP002582,Female,No,0,Not Graduate,Yes,17263,0,225,360,1,Semiurban,Y,17263,18.75
LP002586,Female,Yes,1,Graduate,No,3326,913,105,84,1,Semiurban,Y,4239,37.5
LP002587,Male,Yes,0,Not Graduate,No,2600,1700,107,360,1,Rural,Y,4300,8.91666666666667
LP002600,Male,Yes,1,Graduate,Yes,2895,0,95,360,1,Semiurban,Y,2895,7.91666666666667
LP002603,Female,No,0,Graduate,No,645,3683,113,480,1,Rural,Y,4328,7.0625
LP002606,Female,No,0,Graduate,No,3159,0,100,360,1,Semiurban,Y,3159,8.33333333333333
LP002615,Male,Yes,2,Graduate,No,4865,5624,208,360,1,Semiurban,Y,10489,17.3333333333333
LP002619,Male,Yes,0,Not Graduate,No,3814,1483,124,300,1,Semiurban,Y,5297,12.4
LP002622,Male,Yes,2,Graduate,No,3510,4416,243,360,1,Rural,Y,7926,20.25
LP002624,Male,Yes,0,Graduate,No,20833,6667,480,360,0,Urban,Y,27500,40
LP002626,Male,Yes,0,Graduate,Yes,2479,3013,188,360,1,Urban,Y,5492,15.6666666666667
LP002634,Female,No,1,Graduate,No,13262,0,40,360,1,Urban,Y,13262,3.33333333333333
LP002640,Male,Yes,1,Graduate,No,6065,2004,250,360,1,Semiurban,Y,8069,20.8333333333333
LP002643,Male,Yes,2,Graduate,No,3283,2035,148,360,1,Urban,Y,5318,12.3333333333333
LP002659,Male,Yes,3+,Graduate,No,3466,3428,150,360,1,Rural,Y,6894,12.5
LP002670,Female,Yes,2,Graduate,No,2031,1632,113,480,1,Semiurban,Y,3663,7.0625
LP002689,Male,Yes,2,Not Graduate,No,2192,1742,45,360,1,Semiurban,Y,3934,3.75
LP002690,Male,No,0,Graduate,No,2500,0,55,360,1,Semiurban,Y,2500,4.58333333333333
LP002692,Male,Yes,3+,Graduate,Yes,5677,1424,100,360,1,Rural,Y,7101,8.33333333333333
LP002693,Male,Yes,2,Graduate,Yes,7948,7166,480,360,1,Rural,Y,15114,40
LP002699,Male,Yes,2,Graduate,Yes,17500,0,400,360,1,Rural,Y,17500,33.3333333333333
LP002705,Male,Yes,0,Graduate,No,3775,0,110,360,1,Semiurban,Y,3775,9.16666666666667
LP002706,Male,Yes,1,Not Graduate,No,5285,1430,161,360,0,Semiurban,Y,6715,13.4166666666667
LP002714,Male,No,1,Not Graduate,No,2679,1302,94,360,1,Semiurban,Y,3981,7.83333333333333
LP002716,Male,No,0,Not Graduate,No,6783,0,130,360,1,Semiurban,Y,6783,10.8333333333333
LP002717,Male,Yes,0,Graduate,No,1025,5500,216,360,0,Rural,Y,6525,18
LP002720,Male,Yes,3+,Graduate,No,4281,0,100,360,1,Urban,Y,4281,8.33333333333333
LP002731,Female,No,0,Not Graduate,Yes,18165,0,125,360,1,Urban,Y,18165,10.4166666666667
LP002732,Male,No,0,Not Graduate,No,2550,2042,126,360,1,Rural,Y,4592,10.5
LP002734,Male,Yes,0,Graduate,No,6133,3906,324,360,1,Urban,Y,10039,27
LP002738,Male,No,2,Graduate,No,3617,0,107,360,1,Semiurban,Y,3617,8.91666666666667
LP002740,Male,Yes,3+,Graduate,No,6417,0,157,180,1,Rural,Y,6417,26.1666666666667
LP002741,Female,Yes,1,Graduate,No,4608,2845,140,180,1,Semiurban,Y,7453,23.3333333333333
LP002753,Female,No,1,Graduate,No,3652,0,95,360,1,Semiurban,Y,3652,7.91666666666667
LP002755,Male,Yes,1,Not Graduate,No,2239,2524,128,360,1,Urban,Y,4763,10.6666666666667
LP002757,Female,Yes,0,Not Graduate,No,3017,663,102,360,0,Semiurban,Y,3680,8.5
LP002767,Male,Yes,0,Graduate,No,2768,1950,155,360,1,Rural,Y,4718,12.9166666666667
LP002772,Male,No,0,Graduate,No,2526,1783,145,360,1,Rural,Y,4309,12.0833333333333
LP002777,Male,Yes,0,Graduate,No,2785,2016,110,360,1,Rural,Y,4801,9.16666666666667
LP002784,Male,Yes,1,Not Graduate,No,2492,2375,144,360,1,Rural,Y,4867,12
LP002785,Male,Yes,1,Graduate,No,3333,3250,158,360,1,Urban,Y,6583,13.1666666666667
LP002792,Male,Yes,1,Graduate,No,5468,1032,26,360,1,Semiurban,Y,6500,2.16666666666667
LP002794,Female,No,0,Graduate,No,2667,1625,84,360,0,Urban,Y,4292,7
LP002795,Male,Yes,3+,Graduate,Yes,10139,0,260,360,1,Semiurban,Y,10139,21.6666666666667
LP002798,Male,Yes,0,Graduate,No,3887,2669,162,360,1,Semiurban,Y,6556,13.5
LP002804,Female,Yes,0,Graduate,No,4180,2306,182,360,1,Semiurban,Y,6486,15.1666666666667
LP002807,Male,Yes,2,Not Graduate,No,3675,242,108,360,1,Semiurban,Y,3917,9
LP002813,Female,Yes,1,Graduate,Yes,19484,0,600,360,1,Semiurban,Y,19484,50
LP002820,Male,Yes,0,Graduate,No,5923,2054,211,360,1,Rural,Y,7977,17.5833333333333
LP002821,Male,No,0,Not Graduate,Yes,5800,0,132,360,1,Semiurban,Y,5800,11
LP002833,Male,Yes,0,Not Graduate,No,4467,0,120,360,0,Rural,Y,4467,10
LP002836,Male,No,0,Graduate,No,3333,0,70,360,1,Urban,Y,3333,5.83333333333333
LP002842,Male,Yes,1,Graduate,No,3417,1750,186,360,1,Urban,Y,5167,15.5
LP002855,Male,Yes,2,Graduate,No,16666,0,275,360,1,Urban,Y,16666,22.9166666666667
LP002868,Male,Yes,2,Graduate,No,3159,461,108,84,1,Urban,Y,3620,38.5714285714286
LP002874,Male,No,0,Graduate,No,3229,2739,110,360,1,Urban,Y,5968,9.16666666666667
LP002877,Male,Yes,1,Graduate,No,1782,2232,107,360,1,Rural,Y,4014,8.91666666666667
LP002888,Male,No,0,Graduate,No,3182,2917,161,360,1,Urban,Y,6099,13.4166666666667
LP002892,Male,Yes,2,Graduate,No,6540,0,205,360,1,Semiurban,Y,6540,17.0833333333333
LP002894,Female,Yes,0,Graduate,No,3166,0,36,360,1,Semiurban,Y,3166,3
LP002916,Male,Yes,0,Graduate,No,2297,1522,104,360,1,Urban,Y,3819,8.66666666666667
LP002917,Female,No,0,Not Graduate,No,2165,0,70,360,1,Semiurban,Y,2165,5.83333333333333
LP002925,Male,No,0,Graduate,No,4750,0,94,360,1,Semiurban,Y,4750,7.83333333333333
LP002928,Male,Yes,0,Graduate,No,3000,3416,56,180,1,Semiurban,Y,6416,9.33333333333333
LP002933,Male,No,3+,Graduate,Yes,9357,0,292,360,1,Semiurban,Y,9357,24.3333333333333
LP002936,Male,Yes,0,Graduate,No,3859,3300,142,180,1,Rural,Y,7159,23.6666666666667
LP002938,Male,Yes,0,Graduate,Yes,16120,0,260,360,1,Urban,Y,16120,21.6666666666667
LP002940,Male,No,0,Not Graduate,No,3833,0,110,360,1,Rural,Y,3833,9.16666666666667
LP002945,Male,Yes,0,Graduate,Yes,9963,0,180,360,1,Rural,Y,9963,15
LP002948,Male,Yes,2,Graduate,No,5780,0,192,360,1,Urban,Y,5780,16
LP002950,Male,Yes,0,Not Graduate,No,2894,2792,155,360,1,Rural,Y,5686,12.9166666666667
LP002953,Male,Yes,3+,Graduate,No,5703,0,128,360,1,Urban,Y,5703,10.6666666666667
LP002958,Male,No,0,Graduate,No,3676,4301,172,360,1,Rural,Y,7977,14.3333333333333
LP002959,Female,Yes,1,Graduate,No,12000,0,496,360,1,Semiurban,Y,12000,41.3333333333333
LP002961,Male,Yes,1,Graduate,No,3400,2500,173,360,1,Semiurban,Y,5900,14.4166666666667
LP002964,Male,Yes,2,Not Graduate,No,3987,1411,157,360,1,Rural,Y,5398,13.0833333333333
LP002974,Male,Yes,0,Graduate,No,3232,1950,108,360,1,Rural,Y,5182,9
LP002978,Female,No,0,Graduate,No,2900,0,71,360,1,Rural,Y,2900,5.91666666666667
LP002979,Male,Yes,3+,Graduate,No,4106,0,40,180,1,Rural,Y,4106,6.66666666666667
LP002983,Male,Yes,1,Graduate,No,8072,240,253,360,1,Urban,Y,8312,21.0833333333333
LP002984,Male,Yes,2,Graduate,No,7583,0,187,360,1,Urban,Y,7583,15.5833333333333
